<?xml version="1.0" encoding="UTF-8"?>
<project-private xmlns="http://www.netbeans.org/ns/project-private/1">
    <editor-bookmarks xmlns="http://www.netbeans.org/ns/editor-bookmarks/2" lastBookmarkId="0"/>
    <open-files xmlns="http://www.netbeans.org/ns/projectui-open-files/2">
        <group>
            <file>file:/C:/Users/godli/OneDrive/classes/IST411/Lab2RyanCarey/src/BankDeadlock.java</file>
            <file>file:/C:/Users/godli/OneDrive/classes/IST411/Lab2RyanCarey/src/Bank.java</file>
        </group>
    </open-files>
</project-private>
